-- phpMyAdmin SQL Dump
-- version 4.5.1
-- http://www.phpmyadmin.net
--
-- Host: 127.0.0.1
-- Generation Time: Jul 27, 2016 at 06:25 PM
-- Server version: 10.1.13-MariaDB
-- PHP Version: 5.6.21

SET SQL_MODE = "NO_AUTO_VALUE_ON_ZERO";
SET time_zone = "+00:00";


/*!40101 SET @OLD_CHARACTER_SET_CLIENT=@@CHARACTER_SET_CLIENT */;
/*!40101 SET @OLD_CHARACTER_SET_RESULTS=@@CHARACTER_SET_RESULTS */;
/*!40101 SET @OLD_COLLATION_CONNECTION=@@COLLATION_CONNECTION */;
/*!40101 SET NAMES utf8mb4 */;

--
-- Database: `myshop`
--

-- --------------------------------------------------------

--
-- Table structure for table `accounting_balance`
--

CREATE TABLE `accounting_balance` (
  `user_id` int(11) NOT NULL,
  `balance` bigint(20) NOT NULL
) ENGINE=InnoDB DEFAULT CHARSET=utf8 COLLATE=utf8_persian_ci;

--
-- Dumping data for table `accounting_balance`
--

INSERT INTO `accounting_balance` (`user_id`, `balance`) VALUES
(1, -528000),
(2, 528000);

-- --------------------------------------------------------

--
-- Table structure for table `accounting_document`
--

CREATE TABLE `accounting_document` (
  `id` int(11) NOT NULL,
  `description` varchar(255) COLLATE utf8_persian_ci NOT NULL,
  `time` timestamp NOT NULL DEFAULT CURRENT_TIMESTAMP
) ENGINE=InnoDB DEFAULT CHARSET=utf8 COLLATE=utf8_persian_ci;

--
-- Dumping data for table `accounting_document`
--

INSERT INTO `accounting_document` (`id`, `description`, `time`) VALUES
(7, 'Test', '2016-07-17 10:48:15'),
(8, 'Test', '2016-07-17 13:39:09'),
(9, 'Test', '2016-07-24 05:18:44'),
(10, 'Test', '2016-07-24 05:24:55'),
(11, 'Test', '2016-07-25 12:55:35'),
(12, 'Test', '2016-07-25 12:57:49'),
(13, 'Test', '2016-07-25 12:59:38'),
(14, 'Test', '2016-07-25 13:02:48'),
(15, 'Test', '2016-07-25 13:02:57'),
(16, 'Test', '2016-07-25 13:05:53'),
(17, 'Test', '2016-07-25 13:06:16'),
(18, 'Test', '2016-07-25 13:19:06'),
(19, 'Test', '2016-07-25 13:19:12'),
(20, 'Test', '2016-07-25 13:19:19'),
(21, 'Test', '2016-07-25 13:19:44'),
(22, 'Test', '2016-07-25 13:20:52'),
(23, 'Test', '2016-07-25 13:23:44'),
(24, 'Test', '2016-07-25 13:23:55'),
(25, 'Test', '2016-07-25 13:23:58'),
(26, 'Test', '2016-07-25 13:24:04'),
(27, 'Test', '2016-07-25 13:24:10'),
(28, 'Test', '2016-07-25 13:24:20'),
(29, 'Test', '2016-07-25 13:24:22'),
(30, 'Test', '2016-07-25 13:26:29'),
(31, 'Test', '2016-07-25 13:26:31'),
(32, 'Test', '2016-07-25 13:31:13'),
(33, 'Test', '2016-07-25 13:31:14'),
(34, 'Test', '2016-07-25 13:31:15'),
(35, 'Test', '2016-07-25 13:31:19'),
(36, 'Test', '2016-07-25 13:31:25'),
(37, 'Test', '2016-07-25 13:31:29'),
(38, 'Test', '2016-07-25 13:31:51'),
(39, 'Test', '2016-07-25 13:32:12'),
(40, 'Test', '2016-07-25 13:34:19'),
(41, 'Test', '2016-07-25 13:34:26'),
(42, 'Test', '2016-07-25 13:34:27'),
(43, 'Test', '2016-07-25 13:34:28'),
(44, 'Test', '2016-07-25 13:38:28'),
(45, 'Test', '2016-07-25 13:38:30'),
(46, 'Test', '2016-07-25 13:38:36'),
(47, 'Test', '2016-07-25 13:39:31'),
(48, 'Test', '2016-07-25 13:39:37'),
(49, 'Test', '2016-07-25 13:40:55'),
(50, 'Test', '2016-07-25 15:08:41'),
(51, 'Test', '2016-07-25 15:08:49'),
(52, 'Test', '2016-07-25 15:11:59'),
(53, 'Test', '2016-07-25 15:12:05'),
(54, 'Test', '2016-07-25 15:12:07'),
(55, 'Test', '2016-07-25 15:12:10'),
(56, 'Test', '2016-07-25 15:12:13'),
(57, 'Test', '2016-07-25 15:15:53'),
(58, 'Test', '2016-07-25 15:15:56'),
(59, 'Test', '2016-07-25 15:15:57'),
(60, 'Test', '2016-07-25 15:16:02'),
(61, 'Test', '2016-07-25 15:16:38'),
(62, 'Test', '2016-07-25 15:16:42'),
(63, 'Test', '2016-07-25 15:16:45'),
(64, 'Test', '2016-07-25 15:16:48'),
(65, 'Test', '2016-07-25 15:16:51'),
(66, 'Test', '2016-07-25 15:16:54'),
(67, 'Test', '2016-07-25 15:21:57'),
(68, 'Test', '2016-07-25 15:21:59'),
(69, 'Test', '2016-07-25 15:24:11'),
(70, 'Test', '2016-07-25 15:24:14'),
(71, 'Test', '2016-07-25 15:24:16'),
(72, 'Test', '2016-07-25 15:26:14'),
(73, 'Test', '2016-07-25 15:26:22'),
(74, 'Test', '2016-07-25 15:26:25'),
(75, 'Test', '2016-07-25 15:26:26'),
(76, 'Test', '2016-07-25 15:26:27'),
(77, 'Test', '2016-07-25 15:26:28'),
(78, 'Test', '2016-07-25 15:26:30'),
(79, 'Test', '2016-07-25 15:27:01'),
(80, 'Test', '2016-07-25 15:50:08'),
(81, 'Test', '2016-07-25 15:50:14'),
(82, 'Test', '2016-07-25 15:50:15'),
(83, 'Test', '2016-07-25 15:50:18'),
(84, 'Test', '2016-07-25 15:50:25'),
(85, 'Test', '2016-07-25 15:50:25'),
(86, 'Test', '2016-07-25 15:50:26'),
(87, 'Test', '2016-07-25 15:50:39'),
(88, 'Test', '2016-07-25 15:51:03'),
(89, 'Test', '2016-07-25 15:51:22'),
(90, 'Test', '2016-07-25 15:51:24'),
(91, 'Test', '2016-07-25 15:51:25'),
(92, 'Test', '2016-07-25 15:51:25'),
(93, 'Test', '2016-07-25 15:51:27'),
(94, 'Test', '2016-07-25 15:51:29'),
(95, 'Test', '2016-07-25 15:51:31'),
(96, 'Test', '2016-07-25 15:51:34'),
(97, 'Test', '2016-07-25 15:51:37'),
(98, 'Test', '2016-07-25 15:51:40'),
(99, 'Test', '2016-07-25 15:51:42'),
(100, 'Test', '2016-07-25 15:51:45'),
(101, 'Test', '2016-07-25 15:51:47'),
(102, 'Test', '2016-07-25 15:51:50'),
(103, 'Test', '2016-07-25 15:51:52'),
(104, 'Test', '2016-07-25 15:51:55'),
(105, 'Test', '2016-07-25 15:51:56'),
(106, 'Test', '2016-07-25 15:51:56'),
(107, 'Test', '2016-07-25 15:51:57'),
(108, 'Test', '2016-07-25 15:51:57'),
(109, 'Test', '2016-07-25 15:51:58'),
(110, 'Test', '2016-07-25 15:51:58'),
(111, 'Test', '2016-07-25 15:51:58'),
(112, 'Test', '2016-07-25 15:51:59'),
(113, 'Test', '2016-07-25 15:52:00'),
(114, 'Test', '2016-07-25 15:52:00'),
(115, 'Test', '2016-07-25 15:52:00'),
(116, 'Test', '2016-07-25 15:52:05'),
(117, 'Test', '2016-07-25 15:52:14'),
(118, 'Test', '2016-07-25 15:52:15'),
(119, 'Test', '2016-07-25 15:52:16'),
(120, 'Test', '2016-07-25 15:52:47'),
(121, 'Test', '2016-07-25 15:55:43'),
(122, 'Test', '2016-07-25 15:55:46'),
(123, 'Test', '2016-07-25 15:55:47'),
(124, 'Test', '2016-07-25 15:55:50'),
(125, 'Test', '2016-07-25 15:59:51'),
(126, 'Test', '2016-07-25 15:59:54'),
(127, 'Test', '2016-07-25 15:59:57'),
(128, 'Test', '2016-07-25 16:05:00'),
(129, 'Test', '2016-07-25 16:05:04'),
(130, 'Test', '2016-07-25 16:05:06'),
(131, 'Test', '2016-07-25 16:13:13'),
(132, 'Test', '2016-07-25 16:13:18'),
(133, 'Test', '2016-07-25 16:13:20'),
(134, 'Test', '2016-07-25 16:13:22'),
(135, 'Test', '2016-07-25 16:13:30'),
(136, 'Test', '2016-07-25 16:15:37'),
(137, 'Test', '2016-07-25 16:15:44'),
(138, 'Test', '2016-07-25 18:43:22'),
(139, 'Test', '2016-07-25 18:44:47'),
(140, 'Test', '2016-07-25 18:44:49'),
(141, 'Test', '2016-07-25 18:44:50'),
(142, 'Test', '2016-07-25 18:44:51'),
(143, 'Test', '2016-07-25 18:44:55'),
(144, 'Test', '2016-07-25 18:44:58'),
(145, 'Test', '2016-07-25 18:45:00'),
(146, 'Test', '2016-07-25 18:48:56'),
(147, 'Test', '2016-07-25 18:48:57'),
(148, 'Test', '2016-07-25 18:48:59'),
(149, 'Test', '2016-07-25 18:49:01'),
(150, 'Test', '2016-07-25 18:49:01'),
(151, 'Test', '2016-07-25 18:51:20'),
(152, 'Test', '2016-07-25 18:51:25'),
(153, 'Test', '2016-07-25 18:55:30'),
(154, 'Test', '2016-07-25 18:57:48'),
(155, 'Test', '2016-07-25 18:57:49'),
(156, 'Test', '2016-07-25 18:57:51'),
(157, 'Test', '2016-07-25 18:58:12'),
(158, 'Test', '2016-07-25 18:58:20'),
(159, 'Test', '2016-07-25 18:58:21'),
(160, 'Test', '2016-07-25 18:58:23'),
(161, 'Test', '2016-07-25 19:04:24'),
(162, 'Test', '2016-07-25 19:09:21'),
(163, 'Test', '2016-07-25 19:09:23'),
(164, 'Test', '2016-07-25 19:16:31'),
(165, 'Test', '2016-07-25 19:16:57'),
(166, 'Test', '2016-07-25 19:17:03'),
(167, 'Test', '2016-07-26 14:43:35'),
(168, 'Test', '2016-07-26 14:44:39'),
(169, 'Test', '2016-07-26 14:44:43'),
(170, 'Test', '2016-07-26 14:46:22'),
(171, 'Test', '2016-07-26 14:46:25'),
(172, 'Test', '2016-07-26 14:49:52'),
(173, 'Test', '2016-07-26 14:52:26'),
(174, 'Test', '2016-07-26 14:52:31'),
(175, 'Test', '2016-07-26 14:52:46'),
(176, 'Test', '2016-07-26 14:52:49'),
(177, 'Test', '2016-07-26 14:54:47'),
(178, 'Test', '2016-07-26 14:55:02'),
(179, 'Test', '2016-07-26 14:55:11'),
(180, 'Test', '2016-07-26 14:56:56'),
(181, 'Test', '2016-07-26 14:58:27'),
(182, 'Test', '2016-07-26 14:58:56'),
(183, 'Test', '2016-07-26 14:59:00'),
(184, 'Test', '2016-07-26 14:59:08'),
(185, 'Test', '2016-07-26 15:02:19'),
(186, 'Test', '2016-07-26 15:04:59'),
(187, 'Test', '2016-07-26 15:05:03'),
(188, 'Test', '2016-07-26 15:05:04'),
(189, 'Test', '2016-07-26 15:05:09'),
(190, 'Test', '2016-07-26 15:05:15'),
(191, 'Test', '2016-07-26 15:08:06'),
(192, 'Test', '2016-07-26 15:08:08'),
(193, 'Test', '2016-07-26 15:08:18'),
(194, 'Test', '2016-07-26 15:08:50'),
(195, 'Test', '2016-07-26 15:15:31'),
(196, 'Test', '2016-07-26 15:19:06'),
(197, 'Test', '2016-07-26 15:20:34'),
(198, 'Test', '2016-07-26 15:22:47'),
(199, 'Test', '2016-07-26 16:43:29'),
(200, 'Test', '2016-07-26 16:53:30'),
(201, 'Test', '2016-07-26 16:53:51'),
(202, 'Test', '2016-07-26 16:54:05'),
(203, 'Test', '2016-07-26 17:01:23'),
(204, 'Test', '2016-07-26 17:01:26'),
(205, 'Test', '2016-07-26 17:01:29'),
(206, 'Test', '2016-07-26 17:01:31'),
(207, 'Test', '2016-07-26 17:01:48'),
(208, 'Test', '2016-07-26 17:03:16'),
(209, 'Test', '2016-07-26 17:07:31'),
(210, 'Test', '2016-07-26 17:07:34'),
(211, 'Test', '2016-07-26 17:07:35'),
(212, 'Test', '2016-07-26 17:08:52'),
(213, 'Test', '2016-07-26 17:18:12'),
(214, 'Test', '2016-07-26 17:19:09'),
(215, 'Test', '2016-07-26 17:20:30'),
(216, 'Test', '2016-07-26 17:20:41'),
(217, 'Test', '2016-07-26 17:20:45'),
(218, 'Test', '2016-07-26 17:20:51'),
(219, 'Test', '2016-07-26 17:21:26'),
(220, 'Test', '2016-07-26 17:21:27'),
(221, 'Test', '2016-07-26 17:22:59'),
(222, 'Test', '2016-07-26 17:25:38'),
(223, 'Test', '2016-07-26 17:25:55'),
(224, 'Test', '2016-07-26 17:25:58'),
(225, 'Test', '2016-07-26 17:26:00'),
(226, 'Test', '2016-07-26 17:27:36'),
(227, 'Test', '2016-07-26 17:28:15'),
(228, 'Test', '2016-07-27 13:13:04'),
(229, 'Test', '2016-07-27 13:16:21'),
(230, 'Test', '2016-07-27 13:16:53'),
(231, 'Test', '2016-07-27 13:17:23'),
(232, 'Test', '2016-07-27 13:17:27'),
(233, 'Test', '2016-07-27 13:17:45'),
(234, 'Test', '2016-07-27 13:17:49'),
(235, 'Test', '2016-07-27 13:19:03'),
(236, 'Test', '2016-07-27 13:19:32'),
(237, 'Test', '2016-07-27 13:19:40'),
(238, 'Test', '2016-07-27 13:20:01'),
(239, 'Test', '2016-07-27 13:20:03'),
(240, 'Test', '2016-07-27 13:20:27'),
(241, 'Test', '2016-07-27 13:20:38'),
(242, 'Test', '2016-07-27 13:21:31'),
(243, 'Test', '2016-07-27 13:21:33'),
(244, 'Test', '2016-07-27 13:21:37'),
(245, 'Test', '2016-07-27 13:22:43'),
(246, 'Test', '2016-07-27 15:14:41'),
(247, 'Test', '2016-07-27 15:30:33'),
(248, 'Test', '2016-07-27 15:31:10'),
(249, 'Test', '2016-07-27 15:31:12'),
(250, 'Test', '2016-07-27 15:31:26'),
(251, 'Test', '2016-07-27 15:31:29'),
(252, 'Test', '2016-07-27 15:31:31'),
(253, 'Test', '2016-07-27 15:31:32'),
(254, 'Test', '2016-07-27 15:31:33'),
(255, 'Test', '2016-07-27 15:31:34'),
(256, 'Test', '2016-07-27 15:35:47'),
(257, 'Test', '2016-07-27 15:35:49'),
(258, 'Test', '2016-07-27 15:45:47'),
(259, 'Test', '2016-07-27 15:45:47'),
(260, 'Test', '2016-07-27 15:45:51'),
(261, 'Test', '2016-07-27 15:45:51'),
(262, 'Test', '2016-07-27 15:45:51'),
(263, 'Test', '2016-07-27 15:45:52'),
(264, 'Test', '2016-07-27 15:45:52'),
(265, 'Test', '2016-07-27 15:45:52'),
(266, 'Test', '2016-07-27 15:45:53'),
(267, 'Test', '2016-07-27 15:56:16'),
(268, 'Test', '2016-07-27 15:56:29'),
(269, 'Test', '2016-07-27 16:05:21'),
(270, 'Test', '2016-07-27 16:05:32'),
(271, 'Test', '2016-07-27 16:05:41'),
(272, 'Test', '2016-07-27 16:05:43'),
(273, 'Test', '2016-07-27 16:05:44'),
(274, 'Test', '2016-07-27 16:05:45'),
(275, 'Test', '2016-07-27 16:05:46'),
(276, 'Test', '2016-07-27 16:05:47'),
(277, 'Test', '2016-07-27 16:10:26'),
(278, 'Test', '2016-07-27 16:10:27'),
(279, 'Test', '2016-07-27 16:20:53'),
(280, 'Test', '2016-07-27 16:20:56'),
(281, 'Test', '2016-07-27 16:21:40'),
(282, 'Test', '2016-07-27 16:21:55'),
(283, 'Test', '2016-07-27 16:22:27'),
(284, 'Test', '2016-07-27 16:22:55'),
(285, 'Test', '2016-07-27 16:23:37');

-- --------------------------------------------------------

--
-- Table structure for table `accounting_transaction`
--

CREATE TABLE `accounting_transaction` (
  `id` int(11) NOT NULL,
  `document_id` int(11) NOT NULL,
  `debtor_id` int(11) NOT NULL,
  `creditor_id` int(11) NOT NULL,
  `amount` int(11) NOT NULL,
  `debtor_balance` bigint(20) NOT NULL,
  `creditor_balance` bigint(20) NOT NULL,
  `debtor_description` varchar(255) COLLATE utf8_persian_ci NOT NULL,
  `creditor_description` varchar(255) COLLATE utf8_persian_ci NOT NULL,
  `refrence_type` varchar(100) COLLATE utf8_persian_ci NOT NULL,
  `refrence_id` int(11) NOT NULL
) ENGINE=InnoDB DEFAULT CHARSET=utf8 COLLATE=utf8_persian_ci;

--
-- Dumping data for table `accounting_transaction`
--

INSERT INTO `accounting_transaction` (`id`, `document_id`, `debtor_id`, `creditor_id`, `amount`, `debtor_balance`, `creditor_balance`, `debtor_description`, `creditor_description`, `refrence_type`, `refrence_id`) VALUES
(6, 8, 1, 2, 1000, -5000, 5000, 'test 1', 'Test 2', '', 0),
(7, 9, 1, 2, 1000, -6000, 6000, 'test 1', 'Test 2', '', 0),
(8, 10, 1, 2, 1000, -7000, 7000, 'test 1', 'Test 2', '', 0),
(9, 11, 1, 2, 1000, -8000, 8000, 'test 1', 'Test 2', '', 0),
(10, 12, 1, 2, 1000, -9000, 9000, 'test 1', 'Test 2', '', 0),
(11, 13, 1, 2, 1000, -10000, 10000, 'test 1', 'Test 2', '', 0),
(12, 14, 1, 2, 1000, -11000, 11000, 'test 1', 'Test 2', '', 0),
(13, 15, 1, 2, 1000, -12000, 12000, 'test 1', 'Test 2', '', 0),
(14, 16, 1, 2, 1000, -13000, 13000, 'test 1', 'Test 2', '', 0),
(15, 17, 1, 2, 1000, -14000, 14000, 'test 1', 'Test 2', '', 0),
(16, 18, 1, 2, 1000, -15000, 15000, 'test 1', 'Test 2', '', 0),
(17, 19, 1, 2, 1000, -16000, 16000, 'test 1', 'Test 2', '', 0),
(18, 20, 1, 2, 1000, -17000, 17000, 'test 1', 'Test 2', '', 0),
(19, 21, 1, 2, 1000, -18000, 18000, 'test 1', 'Test 2', '', 0),
(20, 22, 1, 2, 1000, -19000, 19000, 'test 1', 'Test 2', '', 0),
(21, 23, 1, 2, 1000, -20000, 20000, 'test 1', 'Test 2', '', 0),
(22, 24, 1, 2, 1000, -21000, 21000, 'test 1', 'Test 2', '', 0),
(23, 25, 1, 2, 1000, -22000, 22000, 'test 1', 'Test 2', '', 0),
(24, 26, 1, 2, 1000, -23000, 23000, 'test 1', 'Test 2', '', 0),
(25, 27, 1, 2, 1000, -24000, 24000, 'test 1', 'Test 2', '', 0),
(26, 28, 1, 2, 1000, -25000, 25000, 'test 1', 'Test 2', '', 0),
(27, 29, 1, 2, 1000, -26000, 26000, 'test 1', 'Test 2', '', 0),
(28, 30, 1, 2, 1000, -27000, 27000, 'test 1', 'Test 2', '', 0),
(29, 31, 1, 2, 1000, -28000, 28000, 'test 1', 'Test 2', '', 0),
(30, 32, 1, 2, 1000, -29000, 29000, 'test 1', 'Test 2', '', 0),
(31, 33, 1, 2, 1000, -30000, 30000, 'test 1', 'Test 2', '', 0),
(32, 34, 1, 2, 1000, -31000, 31000, 'test 1', 'Test 2', '', 0),
(33, 35, 1, 2, 1000, -32000, 32000, 'test 1', 'Test 2', '', 0),
(34, 36, 1, 2, 1000, -33000, 33000, 'test 1', 'Test 2', '', 0),
(35, 37, 1, 2, 1000, -34000, 34000, 'test 1', 'Test 2', '', 0),
(36, 38, 1, 2, 1000, -35000, 35000, 'test 1', 'Test 2', '', 0),
(37, 39, 1, 2, 1000, -36000, 36000, 'test 1', 'Test 2', '', 0),
(38, 40, 1, 2, 1000, -37000, 37000, 'test 1', 'Test 2', '', 0),
(39, 41, 1, 2, 1000, -38000, 38000, 'test 1', 'Test 2', '', 0),
(40, 42, 1, 2, 1000, -39000, 39000, 'test 1', 'Test 2', '', 0),
(41, 43, 1, 2, 1000, -40000, 40000, 'test 1', 'Test 2', '', 0),
(42, 44, 1, 2, 1000, -41000, 41000, 'test 1', 'Test 2', '', 0),
(43, 45, 1, 2, 1000, -42000, 42000, 'test 1', 'Test 2', '', 0),
(44, 46, 1, 2, 1000, -43000, 43000, 'test 1', 'Test 2', '', 0),
(45, 47, 1, 2, 1000, -44000, 44000, 'test 1', 'Test 2', '', 0),
(46, 48, 1, 2, 1000, -45000, 45000, 'test 1', 'Test 2', '', 0),
(47, 49, 1, 2, 1000, -46000, 46000, 'test 1', 'Test 2', '', 0),
(48, 50, 1, 2, 1000, -47000, 47000, 'test 1', 'Test 2', '', 0),
(49, 51, 1, 2, 1000, -48000, 48000, 'test 1', 'Test 2', '', 0),
(50, 52, 1, 2, 1000, -49000, 49000, 'test 1', 'Test 2', '', 0),
(51, 53, 1, 2, 1000, -50000, 50000, 'test 1', 'Test 2', '', 0),
(52, 54, 1, 2, 1000, -51000, 51000, 'test 1', 'Test 2', '', 0),
(53, 55, 1, 2, 1000, -52000, 52000, 'test 1', 'Test 2', '', 0),
(54, 56, 1, 2, 1000, -53000, 53000, 'test 1', 'Test 2', '', 0),
(55, 57, 1, 2, 1000, -54000, 54000, 'test 1', 'Test 2', '', 0),
(56, 58, 1, 2, 1000, -55000, 55000, 'test 1', 'Test 2', '', 0),
(57, 59, 1, 2, 1000, -56000, 56000, 'test 1', 'Test 2', '', 0),
(58, 60, 1, 2, 1000, -57000, 57000, 'test 1', 'Test 2', '', 0),
(59, 61, 1, 2, 1000, -58000, 58000, 'test 1', 'Test 2', '', 0),
(60, 62, 1, 2, 1000, -59000, 59000, 'test 1', 'Test 2', '', 0),
(61, 63, 1, 2, 1000, -60000, 60000, 'test 1', 'Test 2', '', 0),
(62, 64, 1, 2, 1000, -61000, 61000, 'test 1', 'Test 2', '', 0),
(63, 65, 1, 2, 1000, -62000, 62000, 'test 1', 'Test 2', '', 0),
(64, 66, 1, 2, 1000, -63000, 63000, 'test 1', 'Test 2', '', 0),
(65, 67, 1, 2, 1000, -64000, 64000, 'test 1', 'Test 2', '', 0),
(66, 68, 1, 2, 1000, -65000, 65000, 'test 1', 'Test 2', '', 0),
(67, 69, 1, 2, 1000, -66000, 66000, 'test 1', 'Test 2', '', 0),
(68, 70, 1, 2, 1000, -67000, 67000, 'test 1', 'Test 2', '', 0),
(69, 71, 1, 2, 1000, -68000, 68000, 'test 1', 'Test 2', '', 0),
(70, 72, 1, 2, 1000, -69000, 69000, 'test 1', 'Test 2', '', 0),
(71, 73, 1, 2, 1000, -70000, 70000, 'test 1', 'Test 2', '', 0),
(72, 74, 1, 2, 1000, -71000, 71000, 'test 1', 'Test 2', '', 0),
(73, 75, 1, 2, 1000, -72000, 72000, 'test 1', 'Test 2', '', 0),
(74, 76, 1, 2, 1000, -73000, 73000, 'test 1', 'Test 2', '', 0),
(75, 77, 1, 2, 1000, -74000, 74000, 'test 1', 'Test 2', '', 0),
(76, 78, 1, 2, 1000, -75000, 75000, 'test 1', 'Test 2', '', 0),
(77, 79, 1, 2, 1000, -76000, 76000, 'test 1', 'Test 2', '', 0),
(78, 80, 1, 2, 1000, -77000, 77000, 'test 1', 'Test 2', '', 0),
(79, 81, 1, 2, 1000, -78000, 78000, 'test 1', 'Test 2', '', 0),
(80, 82, 1, 2, 1000, -79000, 79000, 'test 1', 'Test 2', '', 0),
(81, 83, 1, 2, 1000, -80000, 80000, 'test 1', 'Test 2', '', 0),
(82, 84, 1, 2, 1000, -81000, 81000, 'test 1', 'Test 2', '', 0),
(83, 85, 1, 2, 1000, -82000, 82000, 'test 1', 'Test 2', '', 0),
(84, 86, 1, 2, 1000, -83000, 83000, 'test 1', 'Test 2', '', 0),
(85, 87, 1, 2, 1000, -84000, 84000, 'test 1', 'Test 2', '', 0),
(86, 88, 1, 2, 1000, -85000, 85000, 'test 1', 'Test 2', '', 0),
(87, 89, 1, 2, 1000, -86000, 86000, 'test 1', 'Test 2', '', 0),
(88, 90, 1, 2, 1000, -87000, 87000, 'test 1', 'Test 2', '', 0),
(89, 91, 1, 2, 1000, -88000, 88000, 'test 1', 'Test 2', '', 0),
(90, 92, 1, 2, 1000, -89000, 89000, 'test 1', 'Test 2', '', 0),
(91, 93, 1, 2, 1000, -90000, 90000, 'test 1', 'Test 2', '', 0),
(92, 94, 1, 2, 1000, -91000, 91000, 'test 1', 'Test 2', '', 0),
(93, 95, 1, 2, 1000, -92000, 92000, 'test 1', 'Test 2', '', 0),
(94, 96, 1, 2, 1000, -93000, 93000, 'test 1', 'Test 2', '', 0),
(95, 97, 1, 2, 1000, -94000, 94000, 'test 1', 'Test 2', '', 0),
(96, 98, 1, 2, 1000, -95000, 95000, 'test 1', 'Test 2', '', 0),
(97, 99, 1, 2, 1000, -96000, 96000, 'test 1', 'Test 2', '', 0),
(98, 100, 1, 2, 1000, -97000, 97000, 'test 1', 'Test 2', '', 0),
(99, 101, 1, 2, 1000, -98000, 98000, 'test 1', 'Test 2', '', 0),
(100, 102, 1, 2, 1000, -99000, 99000, 'test 1', 'Test 2', '', 0),
(101, 103, 1, 2, 1000, -100000, 100000, 'test 1', 'Test 2', '', 0),
(102, 104, 1, 2, 1000, -101000, 101000, 'test 1', 'Test 2', '', 0),
(103, 105, 1, 2, 1000, -102000, 102000, 'test 1', 'Test 2', '', 0),
(104, 106, 1, 2, 1000, -103000, 103000, 'test 1', 'Test 2', '', 0),
(105, 107, 1, 2, 1000, -104000, 104000, 'test 1', 'Test 2', '', 0),
(106, 108, 1, 2, 1000, -105000, 105000, 'test 1', 'Test 2', '', 0),
(107, 109, 1, 2, 1000, -106000, 106000, 'test 1', 'Test 2', '', 0),
(108, 110, 1, 2, 1000, -107000, 107000, 'test 1', 'Test 2', '', 0),
(109, 111, 1, 2, 1000, -108000, 108000, 'test 1', 'Test 2', '', 0),
(110, 112, 1, 2, 1000, -109000, 109000, 'test 1', 'Test 2', '', 0),
(111, 113, 1, 2, 1000, -110000, 110000, 'test 1', 'Test 2', '', 0),
(112, 114, 1, 2, 1000, -111000, 111000, 'test 1', 'Test 2', '', 0),
(113, 115, 1, 2, 1000, -112000, 112000, 'test 1', 'Test 2', '', 0),
(114, 116, 1, 2, 1000, -113000, 113000, 'test 1', 'Test 2', '', 0),
(115, 117, 1, 2, 1000, -114000, 114000, 'test 1', 'Test 2', '', 0),
(116, 118, 1, 2, 1000, -115000, 115000, 'test 1', 'Test 2', '', 0),
(117, 119, 1, 2, 1000, -116000, 116000, 'test 1', 'Test 2', '', 0),
(118, 120, 1, 2, 1000, -117000, 117000, 'test 1', 'Test 2', '', 0),
(119, 121, 1, 2, 1000, -118000, 118000, 'test 1', 'Test 2', '', 0),
(120, 122, 1, 2, 1000, -119000, 119000, 'test 1', 'Test 2', '', 0),
(121, 123, 1, 2, 1000, -120000, 120000, 'test 1', 'Test 2', '', 0),
(122, 124, 1, 2, 1000, -121000, 121000, 'test 1', 'Test 2', '', 0),
(123, 125, 1, 2, 1000, -122000, 122000, 'test 1', 'Test 2', '', 0),
(124, 126, 1, 2, 1000, -123000, 123000, 'test 1', 'Test 2', '', 0),
(125, 127, 1, 2, 1000, -124000, 124000, 'test 1', 'Test 2', '', 0),
(126, 128, 1, 2, 1000, -125000, 125000, 'test 1', 'Test 2', '', 0),
(127, 129, 1, 2, 1000, -126000, 126000, 'test 1', 'Test 2', '', 0),
(128, 130, 1, 2, 1000, -127000, 127000, 'test 1', 'Test 2', '', 0),
(129, 131, 1, 2, 1000, -128000, 128000, 'test 1', 'Test 2', '', 0),
(130, 132, 1, 2, 1000, -129000, 129000, 'test 1', 'Test 2', '', 0),
(131, 133, 1, 2, 1000, -130000, 130000, 'test 1', 'Test 2', '', 0),
(132, 134, 1, 2, 1000, -131000, 131000, 'test 1', 'Test 2', '', 0),
(133, 135, 1, 2, 1000, -132000, 132000, 'test 1', 'Test 2', '', 0),
(134, 136, 1, 2, 1000, -133000, 133000, 'test 1', 'Test 2', '', 0),
(135, 137, 1, 2, 1000, -134000, 134000, 'test 1', 'Test 2', '', 0),
(136, 138, 1, 2, 1000, -135000, 135000, 'test 1', 'Test 2', '', 0),
(137, 139, 1, 2, 1000, -136000, 136000, 'test 1', 'Test 2', '', 0),
(138, 140, 1, 2, 1000, -137000, 137000, 'test 1', 'Test 2', '', 0),
(139, 141, 1, 2, 1000, -138000, 138000, 'test 1', 'Test 2', '', 0),
(140, 142, 1, 2, 1000, -139000, 139000, 'test 1', 'Test 2', '', 0),
(141, 143, 1, 2, 1000, -140000, 140000, 'test 1', 'Test 2', '', 0),
(142, 144, 1, 2, 1000, -141000, 141000, 'test 1', 'Test 2', '', 0),
(143, 145, 1, 2, 1000, -142000, 142000, 'test 1', 'Test 2', '', 0),
(144, 146, 1, 2, 1000, -143000, 143000, 'test 1', 'Test 2', '', 0),
(145, 147, 1, 2, 1000, -144000, 144000, 'test 1', 'Test 2', '', 0),
(146, 148, 1, 2, 1000, -145000, 145000, 'test 1', 'Test 2', '', 0),
(147, 149, 1, 2, 1000, -146000, 146000, 'test 1', 'Test 2', '', 0),
(148, 150, 1, 2, 1000, -147000, 147000, 'test 1', 'Test 2', '', 0),
(149, 151, 1, 2, 1000, -148000, 148000, 'test 1', 'Test 2', '', 0),
(150, 152, 1, 2, 1000, -149000, 149000, 'test 1', 'Test 2', '', 0),
(151, 153, 1, 2, 1000, -150000, 150000, 'test 1', 'Test 2', '', 0),
(152, 154, 1, 2, 1000, -151000, 151000, 'test 1', 'Test 2', '', 0),
(153, 155, 1, 2, 1000, -152000, 152000, 'test 1', 'Test 2', '', 0),
(154, 156, 1, 2, 1000, -153000, 153000, 'test 1', 'Test 2', '', 0),
(155, 157, 1, 2, 1000, -154000, 154000, 'test 1', 'Test 2', '', 0),
(156, 158, 1, 2, 1000, -155000, 155000, 'test 1', 'Test 2', '', 0),
(157, 159, 1, 2, 1000, -156000, 156000, 'test 1', 'Test 2', '', 0),
(158, 160, 1, 2, 1000, -157000, 157000, 'test 1', 'Test 2', '', 0),
(159, 161, 1, 2, 1000, -158000, 158000, 'test 1', 'Test 2', '', 0),
(160, 162, 1, 2, 1000, -159000, 159000, 'test 1', 'Test 2', '', 0),
(161, 163, 1, 2, 1000, -160000, 160000, 'test 1', 'Test 2', '', 0),
(162, 164, 1, 2, 1000, -161000, 161000, 'test 1', 'Test 2', '', 0),
(163, 165, 1, 2, 1000, -162000, 162000, 'test 1', 'Test 2', '', 0),
(164, 166, 1, 2, 1000, -163000, 163000, 'test 1', 'Test 2', '', 0),
(165, 167, 1, 2, 1000, -164000, 164000, 'test 1', 'Test 2', '', 0),
(166, 168, 1, 2, 1000, -165000, 165000, 'test 1', 'Test 2', '', 0),
(167, 169, 1, 2, 1000, -166000, 166000, 'test 1', 'Test 2', '', 0),
(168, 170, 1, 2, 1000, -167000, 167000, 'test 1', 'Test 2', '', 0),
(169, 171, 1, 2, 1000, -168000, 168000, 'test 1', 'Test 2', '', 0),
(170, 172, 1, 2, 1000, -169000, 169000, 'test 1', 'Test 2', '', 0),
(171, 173, 1, 2, 1000, -170000, 170000, 'test 1', 'Test 2', '', 0),
(172, 174, 1, 2, 1000, -171000, 171000, 'test 1', 'Test 2', '', 0),
(173, 175, 1, 2, 1000, -172000, 172000, 'test 1', 'Test 2', '', 0),
(174, 176, 1, 2, 1000, -173000, 173000, 'test 1', 'Test 2', '', 0),
(175, 177, 1, 2, 1000, -174000, 174000, 'test 1', 'Test 2', '', 0),
(176, 178, 1, 2, 1000, -175000, 175000, 'test 1', 'Test 2', '', 0),
(177, 179, 1, 2, 1000, -176000, 176000, 'test 1', 'Test 2', '', 0),
(178, 180, 1, 2, 1000, -177000, 177000, 'test 1', 'Test 2', '', 0),
(179, 181, 1, 2, 1000, -178000, 178000, 'test 1', 'Test 2', '', 0),
(180, 182, 1, 2, 1000, -179000, 179000, 'test 1', 'Test 2', '', 0),
(181, 183, 1, 2, 1000, -180000, 180000, 'test 1', 'Test 2', '', 0),
(182, 184, 1, 2, 1000, -181000, 181000, 'test 1', 'Test 2', '', 0),
(183, 185, 1, 2, 1000, -182000, 182000, 'test 1', 'Test 2', '', 0),
(184, 186, 1, 2, 1000, -183000, 183000, 'test 1', 'Test 2', '', 0),
(185, 187, 1, 2, 1000, -184000, 184000, 'test 1', 'Test 2', '', 0),
(186, 188, 1, 2, 1000, -185000, 185000, 'test 1', 'Test 2', '', 0),
(187, 189, 1, 2, 1000, -186000, 186000, 'test 1', 'Test 2', '', 0),
(188, 190, 1, 2, 1000, -187000, 187000, 'test 1', 'Test 2', '', 0),
(189, 191, 1, 2, 1000, -188000, 188000, 'test 1', 'Test 2', '', 0),
(190, 192, 1, 2, 1000, -189000, 189000, 'test 1', 'Test 2', '', 0),
(191, 193, 1, 2, 1000, -190000, 190000, 'test 1', 'Test 2', '', 0),
(192, 194, 1, 2, 1000, -191000, 191000, 'test 1', 'Test 2', '', 0),
(193, 195, 1, 2, 1000, -192000, 192000, 'test 1', 'Test 2', '', 0),
(194, 196, 1, 2, 1000, -193000, 193000, 'test 1', 'Test 2', '', 0),
(195, 197, 1, 2, 1000, -194000, 194000, 'test 1', 'Test 2', '', 0),
(196, 198, 1, 2, 1000, -195000, 195000, 'test 1', 'Test 2', '', 0),
(197, 199, 1, 2, 1000, -196000, 196000, 'test 1', 'Test 2', '', 0),
(198, 200, 1, 2, 1000, -197000, 197000, 'test 1', 'Test 2', '', 0),
(199, 201, 1, 2, 1000, -198000, 198000, 'test 1', 'Test 2', '', 0),
(200, 202, 1, 2, 1000, -199000, 199000, 'test 1', 'Test 2', '', 0),
(201, 203, 1, 2, 1000, -200000, 200000, 'test 1', 'Test 2', '', 0),
(202, 204, 1, 2, 1000, -201000, 201000, 'test 1', 'Test 2', '', 0),
(203, 205, 1, 2, 1000, -202000, 202000, 'test 1', 'Test 2', '', 0),
(204, 206, 1, 2, 1000, -203000, 203000, 'test 1', 'Test 2', '', 0),
(205, 207, 1, 2, 1000, -204000, 204000, 'test 1', 'Test 2', '', 0),
(206, 208, 1, 2, 1000, -205000, 205000, 'test 1', 'Test 2', '', 0),
(207, 209, 1, 2, 1000, -206000, 206000, 'test 1', 'Test 2', '', 0),
(208, 210, 1, 2, 1000, -207000, 207000, 'test 1', 'Test 2', '', 0),
(209, 211, 1, 2, 1000, -208000, 208000, 'test 1', 'Test 2', '', 0),
(210, 212, 1, 2, 1000, -209000, 209000, 'test 1', 'Test 2', '', 0),
(211, 213, 1, 2, 1000, -210000, 210000, 'test 1', 'Test 2', '', 0),
(212, 214, 1, 2, 1000, -211000, 211000, 'test 1', 'Test 2', '', 0),
(213, 215, 1, 2, 1000, -212000, 212000, 'test 1', 'Test 2', '', 0),
(214, 216, 1, 2, 1000, -213000, 213000, 'test 1', 'Test 2', '', 0),
(215, 217, 1, 2, 1000, -214000, 214000, 'test 1', 'Test 2', '', 0),
(216, 218, 1, 2, 1000, -215000, 215000, 'test 1', 'Test 2', '', 0),
(217, 219, 1, 2, 1000, -216000, 216000, 'test 1', 'Test 2', '', 0),
(218, 220, 1, 2, 1000, -217000, 217000, 'test 1', 'Test 2', '', 0),
(219, 221, 1, 2, 1000, -218000, 218000, 'test 1', 'Test 2', '', 0),
(220, 222, 1, 2, 1000, -219000, 219000, 'test 1', 'Test 2', '', 0),
(221, 223, 1, 2, 1000, -220000, 220000, 'test 1', 'Test 2', '', 0),
(222, 224, 1, 2, 1000, -221000, 221000, 'test 1', 'Test 2', '', 0),
(223, 225, 1, 2, 1000, -222000, 222000, 'test 1', 'Test 2', '', 0),
(224, 226, 1, 2, 1000, -223000, 223000, 'test 1', 'Test 2', '', 0),
(225, 227, 1, 2, 1000, -224000, 224000, 'test 1', 'Test 2', '', 0),
(226, 228, 1, 2, 1000, -225000, 225000, 'test 1', 'Test 2', '', 0),
(227, 229, 1, 2, 1000, -226000, 226000, 'test 1', 'Test 2', '', 0),
(228, 230, 1, 2, 1000, -227000, 227000, 'test 1', 'Test 2', '', 0),
(229, 231, 1, 2, 1000, -228000, 228000, 'test 1', 'Test 2', '', 0),
(230, 232, 1, 2, 1000, -229000, 229000, 'test 1', 'Test 2', '', 0),
(231, 233, 1, 2, 1000, -230000, 230000, 'test 1', 'Test 2', '', 0),
(232, 234, 1, 2, 1000, -231000, 231000, 'test 1', 'Test 2', '', 0),
(233, 235, 1, 2, 1000, -232000, 232000, 'test 1', 'Test 2', '', 0),
(234, 236, 1, 2, 1000, -233000, 233000, 'test 1', 'Test 2', '', 0),
(235, 237, 1, 2, 1000, -234000, 234000, 'test 1', 'Test 2', '', 0),
(236, 238, 1, 2, 1000, -235000, 235000, 'test 1', 'Test 2', '', 0),
(237, 239, 1, 2, 1000, -236000, 236000, 'test 1', 'Test 2', '', 0),
(238, 240, 1, 2, 1000, -237000, 237000, 'test 1', 'Test 2', '', 0),
(239, 241, 1, 2, 1000, -238000, 238000, 'test 1', 'Test 2', '', 0),
(240, 242, 1, 2, 1000, -239000, 239000, 'test 1', 'Test 2', '', 0),
(241, 243, 1, 2, 1000, -240000, 240000, 'test 1', 'Test 2', '', 0),
(242, 244, 1, 2, 1000, -241000, 241000, 'test 1', 'Test 2', '', 0),
(243, 245, 1, 2, 1000, -242000, 242000, 'test 1', 'Test 2', '', 0),
(244, 246, 1, 2, 1000, -243000, 243000, 'test 1', 'Test 2', '', 0),
(245, 247, 1, 2, 1000, -244000, 244000, 'test 1', 'Test 2', '', 0),
(246, 248, 1, 2, 1000, -245000, 245000, 'test 1', 'Test 2', '', 0),
(247, 249, 1, 2, 1000, -246000, 246000, 'test 1', 'Test 2', '', 0),
(248, 250, 1, 2, 1000, -247000, 247000, 'test 1', 'Test 2', '', 0),
(249, 251, 1, 2, 1000, -248000, 248000, 'test 1', 'Test 2', '', 0),
(250, 252, 1, 2, 1000, -249000, 249000, 'test 1', 'Test 2', '', 0),
(251, 253, 1, 2, 1000, -250000, 250000, 'test 1', 'Test 2', '', 0),
(252, 254, 1, 2, 1000, -251000, 251000, 'test 1', 'Test 2', '', 0),
(253, 255, 1, 2, 1000, -252000, 252000, 'test 1', 'Test 2', '', 0),
(254, 256, 1, 2, 1000, -253000, 253000, 'test 1', 'Test 2', '', 0),
(255, 257, 1, 2, 1000, -254000, 254000, 'test 1', 'Test 2', '', 0),
(256, 258, 1, 2, 1000, -501000, 501000, 'test 1', 'Test 2', '', 0),
(257, 259, 1, 2, 1000, -502000, 502000, 'test 1', 'Test 2', '', 0),
(258, 260, 1, 2, 1000, -503000, 503000, 'test 1', 'Test 2', '', 0),
(259, 261, 1, 2, 1000, -504000, 504000, 'test 1', 'Test 2', '', 0),
(260, 262, 1, 2, 1000, -505000, 505000, 'test 1', 'Test 2', '', 0),
(261, 263, 1, 2, 1000, -506000, 506000, 'test 1', 'Test 2', '', 0),
(262, 264, 1, 2, 1000, -507000, 507000, 'test 1', 'Test 2', '', 0),
(263, 265, 1, 2, 1000, -508000, 508000, 'test 1', 'Test 2', '', 0),
(264, 266, 1, 2, 1000, -509000, 509000, 'test 1', 'Test 2', '', 0),
(265, 267, 1, 2, 1000, -510000, 510000, 'test 1', 'Test 2', '', 0),
(266, 268, 1, 2, 1000, -511000, 511000, 'test 1', 'Test 2', '', 0),
(267, 269, 1, 2, 1000, -512000, 512000, 'test 1', 'Test 2', '', 0),
(268, 270, 1, 2, 1000, -513000, 513000, 'test 1', 'Test 2', '', 0),
(269, 271, 1, 2, 1000, -514000, 514000, 'test 1', 'Test 2', '', 0),
(270, 272, 1, 2, 1000, -515000, 515000, 'test 1', 'Test 2', '', 0),
(271, 273, 1, 2, 1000, -516000, 516000, 'test 1', 'Test 2', '', 0),
(272, 274, 1, 2, 1000, -517000, 517000, 'test 1', 'Test 2', '', 0),
(273, 275, 1, 2, 1000, -518000, 518000, 'test 1', 'Test 2', '', 0),
(274, 276, 1, 2, 1000, -519000, 519000, 'test 1', 'Test 2', '', 0),
(275, 277, 1, 2, 1000, -520000, 520000, 'test 1', 'Test 2', '', 0),
(276, 278, 1, 2, 1000, -521000, 521000, 'test 1', 'Test 2', '', 0),
(277, 279, 1, 2, 1000, -522000, 522000, 'test 1', 'Test 2', '', 0),
(278, 280, 1, 2, 1000, -523000, 523000, 'test 1', 'Test 2', '', 0),
(279, 281, 1, 2, 1000, -524000, 524000, 'test 1', 'Test 2', '', 0),
(280, 282, 1, 2, 1000, -525000, 525000, 'test 1', 'Test 2', '', 0),
(281, 283, 1, 2, 1000, -526000, 526000, 'test 1', 'Test 2', '', 0),
(282, 284, 1, 2, 1000, -527000, 527000, 'test 1', 'Test 2', '', 0),
(283, 285, 1, 2, 1000, -528000, 528000, 'test 1', 'Test 2', '', 0);

-- --------------------------------------------------------

--
-- Table structure for table `order`
--

CREATE TABLE `order` (
  `id` int(11) NOT NULL,
  `user_id` int(11) NOT NULL,
  `create_at` timestamp NOT NULL DEFAULT CURRENT_TIMESTAMP ON UPDATE CURRENT_TIMESTAMP,
  `status` enum('waiting','confirmed','preparing','posted') COLLATE utf8_persian_ci NOT NULL,
  `doc_id` int(11) NOT NULL
) ENGINE=InnoDB DEFAULT CHARSET=utf8 COLLATE=utf8_persian_ci;

--
-- Dumping data for table `order`
--

INSERT INTO `order` (`id`, `user_id`, `create_at`, `status`, `doc_id`) VALUES
(1, 12, '2016-07-05 15:49:32', 'waiting', 0),
(2, 15, '2016-07-25 16:18:53', 'waiting', 0),
(3, 15, '2016-07-25 16:19:41', 'waiting', 0),
(4, 15, '2016-07-25 18:43:52', 'waiting', 0),
(5, 17, '2016-07-25 19:08:02', 'waiting', 0),
(6, 17, '2016-07-26 17:01:41', 'waiting', 0),
(7, 17, '2016-07-26 17:10:43', 'waiting', 0),
(8, 19, '2016-07-26 17:24:07', 'waiting', 0),
(9, 19, '2016-07-26 17:26:08', 'waiting', 0),
(10, 19, '2016-07-26 17:28:29', 'waiting', 0),
(11, 1, '2016-07-27 15:56:34', 'waiting', 0),
(12, 1, '2016-07-27 16:01:13', 'waiting', 0),
(13, 1, '2016-07-27 16:01:14', 'waiting', 0),
(14, 1, '2016-07-27 16:01:17', 'waiting', 0),
(15, 1, '2016-07-27 16:05:56', 'waiting', 0),
(16, 1, '2016-07-27 16:08:56', 'waiting', 0),
(17, 1, '2016-07-27 16:10:30', 'waiting', 0),
(18, 1, '2016-07-27 16:15:46', 'waiting', 0),
(19, 1, '2016-07-27 16:20:59', 'waiting', 0),
(20, 1, '2016-07-27 16:21:21', 'waiting', 0),
(21, 1, '2016-07-27 16:21:34', 'waiting', 0),
(22, 1, '2016-07-27 16:21:58', 'waiting', 0),
(23, 1, '2016-07-27 16:22:30', 'waiting', 0),
(24, 1, '2016-07-27 16:23:48', 'waiting', 0);

-- --------------------------------------------------------

--
-- Table structure for table `order_item`
--

CREATE TABLE `order_item` (
  `id` int(11) NOT NULL,
  `order_id` int(11) NOT NULL,
  `product_id` int(11) NOT NULL,
  `count` int(11) NOT NULL,
  `price` int(11) NOT NULL,
  `returned` tinyint(4) NOT NULL DEFAULT '0'
) ENGINE=InnoDB DEFAULT CHARSET=utf8 COLLATE=utf8_persian_ci;

--
-- Dumping data for table `order_item`
--

INSERT INTO `order_item` (`id`, `order_id`, `product_id`, `count`, `price`, `returned`) VALUES
(1, 1, 1, 6, 6, 0),
(2, 1, 10, 5, 5, 0),
(3, 2, 13, 13, 123, 0),
(4, 3, 13, 13, 123, 0),
(5, 4, 13, 13, 123, 0),
(6, 5, 13, 2, 123, 0),
(7, 9, 24, 1, 5000, 0),
(8, 9, 18, 1, 5454000, 0),
(9, 10, 24, 4, 5000, 0),
(10, 16, 0, 0, 0, 0),
(11, 16, 15, 1, 4000, 0),
(12, 16, 24, 1, 5000, 0),
(13, 16, 18, 1, 5454000, 0),
(14, 16, 22, 1, 888800000, 0),
(15, 16, 23, 1, 60000, 0),
(16, 17, 0, 0, 0, 0),
(17, 17, 15, 1, 4000, 0),
(18, 17, 24, 1, 5000, 0),
(19, 17, 18, 1, 5454000, 0),
(20, 17, 22, 2, 888800000, 0),
(21, 17, 23, 1, 60000, 0),
(22, 18, 0, 0, 0, 0),
(23, 18, 15, 1, 4000, 0),
(24, 18, 24, 1, 5000, 0),
(25, 18, 18, 1, 5454000, 0),
(26, 18, 22, 2, 888800000, 0),
(27, 18, 23, 1, 60000, 0),
(28, 19, 0, 0, 0, 0),
(29, 19, 15, 1, 4000, 0),
(30, 19, 24, 1, 5000, 0),
(31, 19, 18, 1, 5454000, 0),
(32, 19, 22, 3, 888800000, 0),
(33, 19, 23, 1, 60000, 0),
(34, 20, 0, 0, 0, 0),
(35, 20, 15, 1, 4000, 0),
(36, 20, 24, 1, 5000, 0),
(37, 20, 18, 1, 5454000, 0),
(38, 20, 22, 3, 888800000, 0),
(39, 20, 23, 1, 60000, 0),
(40, 21, 0, 0, 0, 0),
(41, 21, 15, 1, 4000, 0),
(42, 21, 24, 1, 5000, 0),
(43, 21, 18, 1, 5454000, 0),
(44, 21, 22, 3, 888800000, 0),
(45, 21, 23, 1, 60000, 0),
(46, 22, 0, 0, 0, 0),
(47, 22, 15, 1, 4000, 0),
(48, 22, 24, 1, 5000, 0),
(49, 22, 18, 1, 5454000, 0),
(50, 22, 22, 3, 888800000, 0),
(51, 22, 23, 1, 60000, 0),
(52, 23, 0, 0, 0, 0),
(53, 23, 15, 1, 4000, 0),
(54, 23, 24, 1, 5000, 0),
(55, 23, 18, 1, 5454000, 0),
(56, 23, 22, 3, 888800000, 0),
(57, 23, 23, 1, 60000, 0),
(58, 24, 0, 0, 0, 0),
(59, 24, 15, 1, 4000, 0),
(60, 24, 24, 1, 5000, 0),
(61, 24, 18, 0, 5454000, 0),
(62, 24, 22, 0, 888800000, 0),
(63, 24, 23, 1, 60000, 0);

-- --------------------------------------------------------

--
-- Table structure for table `product`
--

CREATE TABLE `product` (
  `id` int(11) NOT NULL,
  `name` varchar(255) NOT NULL,
  `description` text NOT NULL,
  `price` int(11) NOT NULL,
  `quantity` int(11) NOT NULL,
  `sku` varchar(255) NOT NULL,
  `status` enum('visible','invisible') NOT NULL,
  `visit_count` int(11) NOT NULL
) ENGINE=InnoDB DEFAULT CHARSET=latin1;

--
-- Dumping data for table `product`
--

INSERT INTO `product` (`id`, `name`, `description`, `price`, `quantity`, `sku`, `status`, `visit_count`) VALUES
(15, 'cutter', 'www', 4000, 34, '1', 'visible', 7),
(18, 'service ghablame', 'hghgh', 5454000, 60, '54545', 'visible', 5),
(22, 'flat lg tv', '8', 888800000, 88, '66', 'visible', 0),
(23, 'mojasame', '', 60000, 60, '35454', 'visible', 0),
(24, 'satl', '', 5000, 6, '55', 'visible', 7);

-- --------------------------------------------------------

--
-- Table structure for table `products_categories`
--

CREATE TABLE `products_categories` (
  `product_id` int(11) NOT NULL,
  `category_id` int(11) NOT NULL
) ENGINE=InnoDB DEFAULT CHARSET=latin1;

--
-- Dumping data for table `products_categories`
--

INSERT INTO `products_categories` (`product_id`, `category_id`) VALUES
(15, 20),
(18, 12),
(22, 19),
(23, 21),
(24, 22);

-- --------------------------------------------------------

--
-- Table structure for table `product_category`
--

CREATE TABLE `product_category` (
  `id` int(11) NOT NULL,
  `name` varchar(200) NOT NULL,
  `parent_id` int(11) NOT NULL DEFAULT '0'
) ENGINE=InnoDB DEFAULT CHARSET=latin1;

--
-- Dumping data for table `product_category`
--

INSERT INTO `product_category` (`id`, `name`, `parent_id`) VALUES
(12, 'lavazem ashpazkhane', 0),
(19, 'sout va tasvir', 0),
(20, 'lavazem barghi', 19),
(21, 'dekorativ', 0),
(22, 'lavazem nezafat', 0),
(23, 'zoroof', 12),
(24, 'abzare shirini pazi', 12),
(25, 'tv', 19),
(26, 'radio', 19);

-- --------------------------------------------------------

--
-- Table structure for table `product_comment`
--

CREATE TABLE `product_comment` (
  `id` int(11) NOT NULL,
  `user_id` int(11) NOT NULL,
  `product_id` int(11) NOT NULL,
  `create_at` timestamp NOT NULL DEFAULT CURRENT_TIMESTAMP ON UPDATE CURRENT_TIMESTAMP,
  `comment` text COLLATE utf8mb4_persian_ci NOT NULL,
  `status` enum('waiting','approved','rejected') COLLATE utf8mb4_persian_ci NOT NULL
) ENGINE=InnoDB DEFAULT CHARSET=utf8mb4 COLLATE=utf8mb4_persian_ci;

-- --------------------------------------------------------

--
-- Table structure for table `product_picture`
--

CREATE TABLE `product_picture` (
  `id` int(11) NOT NULL,
  `product_id` int(11) NOT NULL,
  `name` varchar(100) COLLATE utf8mb4_persian_ci NOT NULL
) ENGINE=InnoDB DEFAULT CHARSET=utf8mb4 COLLATE=utf8mb4_persian_ci;

-- --------------------------------------------------------

--
-- Table structure for table `product_pin`
--

CREATE TABLE `product_pin` (
  `product_id` int(11) NOT NULL,
  `user_id` int(11) NOT NULL,
  `creat_at` timestamp NOT NULL DEFAULT CURRENT_TIMESTAMP ON UPDATE CURRENT_TIMESTAMP
) ENGINE=InnoDB DEFAULT CHARSET=utf8mb4 COLLATE=utf8mb4_persian_ci;

-- --------------------------------------------------------

--
-- Table structure for table `user`
--

CREATE TABLE `user` (
  `id` int(20) NOT NULL,
  `firstname` varchar(255) COLLATE utf8mb4_persian_ci NOT NULL,
  `lastname` varchar(255) COLLATE utf8mb4_persian_ci NOT NULL,
  `email` varchar(200) COLLATE utf8mb4_persian_ci NOT NULL,
  `password` varchar(40) COLLATE utf8mb4_persian_ci NOT NULL,
  `roles` varchar(255) CHARACTER SET utf8 COLLATE utf8_persian_ci NOT NULL
) ENGINE=InnoDB DEFAULT CHARSET=utf8mb4 COLLATE=utf8mb4_persian_ci;

--
-- Dumping data for table `user`
--

INSERT INTO `user` (`id`, `firstname`, `lastname`, `email`, `password`, `roles`) VALUES
(18, 'user', 'user', 'user', '7ef05556a622c2fe0af76a1a3ab36acc259a4521', ''),
(19, 'admin', 'admin', 'admin', 'de7d279ea49c09b4e0f1e7c06dee2787b8061b19', 'a:1:{i:0;s:5:"ADMIN";}');

-- --------------------------------------------------------

--
-- Table structure for table `user_token`
--

CREATE TABLE `user_token` (
  `user_id` int(11) NOT NULL,
  `token` varchar(40) COLLATE utf8mb4_persian_ci NOT NULL,
  `creat_at` timestamp NOT NULL DEFAULT CURRENT_TIMESTAMP ON UPDATE CURRENT_TIMESTAMP
) ENGINE=InnoDB DEFAULT CHARSET=utf8mb4 COLLATE=utf8mb4_persian_ci;

--
-- Dumping data for table `user_token`
--

INSERT INTO `user_token` (`user_id`, `token`, `creat_at`) VALUES
(12, '4632a6e06b488fc768be2c8173b4059910b1a13c', '2016-07-17 12:11:34'),
(12, 'ca6bda334af11e8271153e8646616f805162fa00', '2016-07-17 12:11:44'),
(12, '87da66b44087fa880a788a741bf13db023a00c9f', '2016-07-17 12:12:38'),
(12, 'b0127ba2cffb3b9080006f0f3a022796a9b6a4ed', '2016-07-17 13:01:20'),
(12, '493217e8816048d1cdb0238b656495fc9677d85b', '2016-07-17 13:01:37'),
(12, '8c7e996107c8c52b75f50e85ac59e630bf0dbc64', '2016-07-17 13:41:02');

--
-- Indexes for dumped tables
--

--
-- Indexes for table `accounting_balance`
--
ALTER TABLE `accounting_balance`
  ADD PRIMARY KEY (`user_id`);

--
-- Indexes for table `accounting_document`
--
ALTER TABLE `accounting_document`
  ADD PRIMARY KEY (`id`);

--
-- Indexes for table `accounting_transaction`
--
ALTER TABLE `accounting_transaction`
  ADD PRIMARY KEY (`id`);

--
-- Indexes for table `order`
--
ALTER TABLE `order`
  ADD PRIMARY KEY (`id`);

--
-- Indexes for table `order_item`
--
ALTER TABLE `order_item`
  ADD PRIMARY KEY (`id`);

--
-- Indexes for table `product`
--
ALTER TABLE `product`
  ADD PRIMARY KEY (`id`),
  ADD UNIQUE KEY `sku` (`sku`);

--
-- Indexes for table `products_categories`
--
ALTER TABLE `products_categories`
  ADD PRIMARY KEY (`product_id`,`category_id`);

--
-- Indexes for table `product_category`
--
ALTER TABLE `product_category`
  ADD PRIMARY KEY (`id`);

--
-- Indexes for table `product_comment`
--
ALTER TABLE `product_comment`
  ADD PRIMARY KEY (`id`);

--
-- Indexes for table `user`
--
ALTER TABLE `user`
  ADD PRIMARY KEY (`id`);

--
-- AUTO_INCREMENT for dumped tables
--

--
-- AUTO_INCREMENT for table `accounting_balance`
--
ALTER TABLE `accounting_balance`
  MODIFY `user_id` int(11) NOT NULL AUTO_INCREMENT, AUTO_INCREMENT=3;
--
-- AUTO_INCREMENT for table `accounting_document`
--
ALTER TABLE `accounting_document`
  MODIFY `id` int(11) NOT NULL AUTO_INCREMENT, AUTO_INCREMENT=286;
--
-- AUTO_INCREMENT for table `accounting_transaction`
--
ALTER TABLE `accounting_transaction`
  MODIFY `id` int(11) NOT NULL AUTO_INCREMENT, AUTO_INCREMENT=284;
--
-- AUTO_INCREMENT for table `order`
--
ALTER TABLE `order`
  MODIFY `id` int(11) NOT NULL AUTO_INCREMENT, AUTO_INCREMENT=25;
--
-- AUTO_INCREMENT for table `order_item`
--
ALTER TABLE `order_item`
  MODIFY `id` int(11) NOT NULL AUTO_INCREMENT, AUTO_INCREMENT=64;
--
-- AUTO_INCREMENT for table `product`
--
ALTER TABLE `product`
  MODIFY `id` int(11) NOT NULL AUTO_INCREMENT, AUTO_INCREMENT=25;
--
-- AUTO_INCREMENT for table `product_category`
--
ALTER TABLE `product_category`
  MODIFY `id` int(11) NOT NULL AUTO_INCREMENT, AUTO_INCREMENT=27;
--
-- AUTO_INCREMENT for table `product_comment`
--
ALTER TABLE `product_comment`
  MODIFY `id` int(11) NOT NULL AUTO_INCREMENT;
--
-- AUTO_INCREMENT for table `user`
--
ALTER TABLE `user`
  MODIFY `id` int(20) NOT NULL AUTO_INCREMENT, AUTO_INCREMENT=20;
/*!40101 SET CHARACTER_SET_CLIENT=@OLD_CHARACTER_SET_CLIENT */;
/*!40101 SET CHARACTER_SET_RESULTS=@OLD_CHARACTER_SET_RESULTS */;
/*!40101 SET COLLATION_CONNECTION=@OLD_COLLATION_CONNECTION */;
